,movieId,title,predict_ratings
0,70,Contagion,9.378167712414546
1,15,Spenser Confidential,6.103343635487986
2,42,The Witcher,4.553907419204142
3,51,Gisaengchung,4.321216359575667
4,57,The Invisible Man,4.233970083543571
5,55,Terminator: Dark Fate,3.143687296893837
